Image,Label
Aaron Eckhart_1.jpg,0
Aaron Eckhart_10.jpg,0
Aaron Eckhart_11.jpg,0
Aaron Eckhart_12.jpg,0
Aaron Eckhart_13.jpg,0
Aaron Eckhart_14.jpg,0
Aaron Eckhart_15.jpg,0
Aaron Eckhart_16.jpg,0
Aaron Eckhart_17.jpg,0
Aaron Eckhart_18.jpg,0
Aaron Eckhart_19.jpg,0
Aaron Eckhart_2.jpg,0
Aaron Eckhart_20.jpg,0
Aaron Eckhart_21.jpg,0
Aaron Eckhart_22.jpg,0
Aaron Eckhart_23.jpg,0
Aaron Eckhart_24.jpg,0
Aaron Eckhart_25.jpg,0
Aaron Eckhart_26.jpg,0
Aaron Eckhart_27.jpg,0
Aaron Eckhart_28.jpg,0
Aaron Eckhart_29.jpg,0
Aaron Eckhart_3.jpg,0
Aaron Eckhart_30.jpg,0
Aaron Eckhart_31.jpg,0
Aaron Eckhart_32.jpg,0
Aaron Eckhart_4.jpg,0
Aaron Eckhart_5.jpg,0
Aaron Eckhart_6.jpg,0
Aaron Eckhart_7.jpg,0
Aaron Eckhart_8.jpg,0
Aaron Eckhart_9.jpg,0
Ben Affleck_1.jpg,1
Ben Affleck_10.jpg,1
Ben Affleck_11.jpg,1
Ben Affleck_12.jpg,1
Ben Affleck_13.jpg,1
Ben Affleck_14.jpg,1
Ben Affleck_15.jpg,1
Ben Affleck_16.jpg,1
Ben Affleck_17.jpg,1
Ben Affleck_18.jpg,1
Ben Affleck_19.jpg,1
Ben Affleck_2.jpg,1
Ben Affleck_20.jpg,1
Ben Affleck_21.jpg,1
Ben Affleck_22.jpg,1
Ben Affleck_23.jpg,1
Ben Affleck_24.jpg,1
Ben Affleck_25.jpg,1
Ben Affleck_26.jpg,1
Ben Affleck_27.jpg,1
Ben Affleck_28.jpg,1
Ben Affleck_29.jpg,1
Ben Affleck_3.jpg,1
Ben Affleck_30.jpg,1
Ben Affleck_31.jpg,1
Ben Affleck_32.jpg,1
Ben Affleck_33.jpg,1
Ben Affleck_34.jpg,1
Ben Affleck_35.jpg,1
Ben Affleck_36.jpg,1
Ben Affleck_37.jpg,1
Ben Affleck_38.jpg,1
Ben Affleck_39.jpg,1
Ben Affleck_4.jpg,1
Ben Affleck_40.jpg,1
Ben Affleck_41.jpg,1
Ben Affleck_42.jpg,1
Ben Affleck_43.jpg,1
Ben Affleck_5.jpg,1
Ben Affleck_6.jpg,1
Ben Affleck_7.jpg,1
Ben Affleck_8.jpg,1
Ben Affleck_9.jpg,1
Daniel Craig_1.jpg,2
Daniel Craig_10.jpg,2
Daniel Craig_11.jpg,2
Daniel Craig_12.jpg,2
Daniel Craig_13.jpg,2
Daniel Craig_14.jpg,2
Daniel Craig_15.jpg,2
Daniel Craig_16.jpg,2
Daniel Craig_17.jpg,2
Daniel Craig_18.jpg,2
Daniel Craig_19.jpg,2
Daniel Craig_2.jpg,2
Daniel Craig_20.jpg,2
Daniel Craig_21.jpg,2
Daniel Craig_22.jpg,2
Daniel Craig_23.jpg,2
Daniel Craig_24.jpg,2
Daniel Craig_25.jpg,2
Daniel Craig_26.jpg,2
Daniel Craig_27.jpg,2
Daniel Craig_28.jpg,2
Daniel Craig_29.jpg,2
Daniel Craig_3.jpg,2
Daniel Craig_30.jpg,2
Daniel Craig_31.jpg,2
Daniel Craig_32.jpg,2
Daniel Craig_33.jpg,2
Daniel Craig_34.jpg,2
Daniel Craig_35.jpg,2
Daniel Craig_36.jpg,2
Daniel Craig_37.jpg,2
Daniel Craig_38.jpg,2
Daniel Craig_39.jpg,2
Daniel Craig_4.jpg,2
Daniel Craig_40.jpg,2
Daniel Craig_41.jpg,2
Daniel Craig_42.jpg,2
Daniel Craig_5.jpg,2
Daniel Craig_6.jpg,2
Daniel Craig_7.jpg,2
Daniel Craig_8.jpg,2
Daniel Craig_9.jpg,2
David Schwimmer_1.jpg,3
David Schwimmer_10.jpg,3
David Schwimmer_11.jpg,3
David Schwimmer_12.jpg,3
David Schwimmer_2.jpg,3
David Schwimmer_3.jpg,3
David Schwimmer_4.jpg,3
David Schwimmer_5.jpg,3
David Schwimmer_6.jpg,3
David Schwimmer_7.jpg,3
David Schwimmer_8.jpg,3
David Schwimmer_9.jpg,3
Dwayne Johnson_1.jpg,4
Dwayne Johnson_10.jpg,4
Dwayne Johnson_11.jpg,4
Dwayne Johnson_12.jpg,4
Dwayne Johnson_13.jpg,4
Dwayne Johnson_14.jpg,4
Dwayne Johnson_15.jpg,4
Dwayne Johnson_2.jpg,4
Dwayne Johnson_3.jpg,4
Dwayne Johnson_4.jpg,4
Dwayne Johnson_5.jpg,4
Dwayne Johnson_6.jpg,4
Dwayne Johnson_7.jpg,4
Dwayne Johnson_8.jpg,4
Dwayne Johnson_9.jpg,4
George Clooney_1.jpg,5
George Clooney_10.jpg,5
George Clooney_11.jpg,5
George Clooney_12.jpg,5
George Clooney_13.jpg,5
George Clooney_14.jpg,5
George Clooney_15.jpg,5
George Clooney_16.jpg,5
George Clooney_17.jpg,5
George Clooney_18.jpg,5
George Clooney_19.jpg,5
George Clooney_2.jpg,5
George Clooney_20.jpg,5
George Clooney_21.jpg,5
George Clooney_22.jpg,5
George Clooney_23.jpg,5
George Clooney_24.jpg,5
George Clooney_25.jpg,5
George Clooney_3.jpg,5
George Clooney_4.jpg,5
George Clooney_5.jpg,5
George Clooney_6.jpg,5
George Clooney_7.jpg,5
George Clooney_8.jpg,5
George Clooney_9.jpg,5
Hugh Jackman_1.jpg,6
Hugh Jackman_10.jpg,6
Hugh Jackman_2.jpg,6
Hugh Jackman_3.jpg,6
Hugh Jackman_4.jpg,6
Hugh Jackman_5.jpg,6
Hugh Jackman_6.jpg,6
Hugh Jackman_7.jpg,6
Hugh Jackman_8.jpg,6
Hugh Jackman_9.jpg,6
Jackie Chan_1.jpg,7
Jackie Chan_10.jpg,7
Jackie Chan_11.jpg,7
Jackie Chan_12.jpg,7
Jackie Chan_13.jpg,7
Jackie Chan_2.jpg,7
Jackie Chan_3.jpg,7
Jackie Chan_4.jpg,7
Jackie Chan_5.jpg,7
Jackie Chan_6.jpg,7
Jackie Chan_7.jpg,7
Jackie Chan_8.jpg,7
Jackie Chan_9.jpg,7
Jim Carrey_1.jpg,8
Jim Carrey_10.jpg,8
Jim Carrey_14.jpg,8
Jim Carrey_15.jpg,8
Jim Carrey_16.jpg,8
Jim Carrey_2.jpg,8
Jim Carrey_3.jpg,8
Jim Carrey_4.jpg,8
Jim Carrey_5.jpg,8
Jim Carrey_6.jpg,8
Jim Carrey_7.jpg,8
Jim Carrey_8.jpg,8
Jim Carrey_9.jpg,8
Paul Walker_1.jpg,9
Paul Walker_10.jpg,9
Paul Walker_11.jpg,9
Paul Walker_12.jpg,9
Paul Walker_13.jpg,9
Paul Walker_14.jpg,9
Paul Walker_15.jpg,9
Paul Walker_16.jpg,9
Paul Walker_17.jpg,9
Paul Walker_2.jpg,9
Paul Walker_3.jpg,9
Paul Walker_4.jpg,9
Paul Walker_5.jpg,9
Paul Walker_6.jpg,9
Paul Walker_7.jpg,9
Paul Walker_8.jpg,9
Paul Walker_9.jpg,9